client_id,cluster
124710,0
382440,0
1311915,0
1958756,2
1958794,1
2244567,0
3471574,0
3480197,1
3504229,1
3602085,0
3819120,0
3828427,0
4995187,0
5923027,1
6367191,1
6523974,0
6541846,0
7803101,1
7974539,1
7975881,1
8459363,2
8462955,2
8517346,2
8531669,2
8587599,1
9768798,2
9821191,1
10196639,0
10452661,2
10512583,1
10732769,0
10815474,0
12247110,0
12428037,0
12778784,1
12823865,0
13367401,0
13370667,1
13770250,0
13879346,1
14171345,0
14880507,0
15683930,0
15837530,1
15880658,2
17307116,0
17506596,1
17719983,1
17789096,0
17905291,0
18628394,0
18758357,1
18786653,0
18934694,0
19200638,0
19630095,0
19845134,1
20185503,0
20226595,1
21110073,0
21123043,0
21185381,1
21240313,0
21429959,0
21461457,0
21590881,0
21777679,0
21823171,2
22015034,1
22094564,1
22217620,0
22611800,0
22615489,0
22638306,0
23541378,0
23786181,1
24053808,0
24061477,0
24653992,1
25049147,0
25059981,0
25266521,2
25611028,1
25615951,0
25845497,1
26133654,0
26852516,0
27031864,1
27265780,1
27666691,1
27901601,2
28412177,0
28513020,1
28714908,0
29132235,0
29668847,2
29773100,1
29964521,0
30009294,1
30539190,0
30547052,0
30562959,2
30838820,0
31098074,1
31527663,1
31649144,0
31742809,2
32014111,1
32048997,1
32338804,0
33344800,0
33958371,1
34398443,0
34888858,1
34959054,0
35205726,0
35348543,0
35577406,0
36554757,1
36563509,2
36567967,2
36730113,0
36735978,0
36914142,2
37064242,0
37096530,0
37573679,1
37718082,0
37844201,0
38139016,2
38148078,0
38334603,1
38866352,0
40465646,1
40742385,1
40919289,1
41550453,0
41609006,1
41624868,0
41642983,1
41706877,2
42421684,0
42487183,0
42772181,0
42794127,0
42920702,0
42930977,1
43163964,1
43961237,0
44081511,2
44368172,0
44692571,1
45096675,2
45541349,0
45628981,1
45748565,0
45794606,0
46433287,0
46495513,1
46518518,0
47255401,1
47584486,0
47595728,0
47634912,0
47823560,0
47934661,0
48265581,1
48845560,1
48980898,0
49041300,0
49606246,0
50324257,0
50873242,0
51673879,0
52603250,0
53001142,0
53012945,0
53310970,0
54190372,1
54847567,0
55044040,1
55498399,0
55743609,0
55885616,1
55912006,2
56890180,1
57208298,0
57283088,0
57833173,0
57923026,0
58201772,0
59067879,2
59216182,1
59848904,0
60094691,1
60676709,1
60723885,1
60792945,0
60929478,0
61004486,0
61036363,0
61541370,0
61883813,0
62017478,0
62793991,0
63009567,1
63138938,1
64486204,0
64885093,0
65054992,1
65085118,0
65708417,1
65731284,1
66164837,0
66389720,0
66650507,0
66653566,1
66658678,1
66698580,0
67072818,0
67128725,1
67760444,2
67958339,0
69404401,0
69890428,0
70046286,0
70327407,1
70427200,0
71239356,0
71841206,1
71847200,0
72726759,0
73195574,2
73301211,1
73947807,1
74303232,0
74930182,1
74956236,0
75260780,2
75392243,0
75433872,0
75844361,1
76319918,2
76566238,2
77600800,0
78330934,0
78555176,0
79141655,0
80966481,0
81196630,2
81263472,1
81583189,0
81645261,0
82267287,1
82520016,0
83326485,1
83347470,0
83537397,0
83688040,0
83696376,0
83723116,0
83964620,0
84274226,1
84360034,0
84876789,1
84879378,0
85542364,2
85961109,2
86043733,0
86133348,2
86282061,0
86393386,0
86501315,2
86898093,2
87186769,0
87223756,0
87710768,0
87981737,0
88114427,2
88231055,1
88241934,0
88709921,1
88932981,0
89175476,0
89584267,0
89787541,1
89909131,0
89944747,1
90097288,0
90468602,0
90606687,1
90654010,1
90693212,0
91030930,1
91333677,1
92400457,0
92542355,0
92583279,0
92737619,1
92935040,0
93377363,0
93445652,1
93535419,1
93634089,0
93834520,1
93928203,1
94298217,0
95135523,1
95447366,0
95719219,0
95913037,1
96400858,0
96401053,2
96609744,2
96617849,2
96777781,2
97219705,2
97275269,0
98114353,1
99683209,2
99837490,1
99960809,2
100609913,0
101035375,2
101128740,0
101580652,2
101653192,0
102161784,0
103489178,0
103614461,1
103733790,0
103795992,0
103833104,1
104415347,0
104782807,0
105804518,0
105832486,0
105871754,1
106348954,2
106628049,2
106821523,0
106904025,0
106925708,1
107572648,2
107667760,0
107821006,1
108439371,0
108693235,2
109804305,0
110553787,0
110579799,0
111772950,0
111905871,0
112006321,0
112335052,1
112780462,0
113245109,2
113286037,2
113646553,0
113712612,1
113998368,0
114276388,0
114457799,2
114528777,1
114963993,2
116416536,0
116858568,0
117283689,0
117822712,0
117882225,1
118204145,1
118505105,0
119077481,0
119775873,0
120045620,0
120205002,2
121138079,1
121241742,0
121302398,0
121632943,1
122117723,2
122979371,0
123293771,0
123428740,2
123855853,0
124191233,0
125423434,2
126046896,0
126279948,1
126495933,0
126589292,0
126681926,0
126689006,1
126945856,1
127009607,1
127596836,1
128024438,0
128101045,1
128134230,0
128310133,1
129171166,1
129396551,1
129402970,2
129415386,0
129600206,0
129643771,1
129858675,0
130247214,0
130272998,2
130523908,2
130835961,0
131461390,0
131519006,2
131646743,0
132004379,2
133130175,1
133424983,0
133641340,0
134575829,0
134825985,0
134975399,0
135085020,2
135295670,0
135542746,0
135811564,0
136147042,1
136172278,1
136297523,1
136576920,2
137359101,0
137421776,0
137466077,0
137531468,1
138825726,1
138855695,0
138877579,1
139158862,0
139486357,0
139562159,0
140071944,0
140108431,1
140217419,1
141104644,0
141105889,1
141185944,0
142221027,0
142270106,1
142423452,0
143050193,0
143226022,0
143640724,0
143769883,0
144382125,0
144422806,0
144680243,2
144903534,1
145300139,0
145387924,2
145882242,0
145924013,0
145969735,0
146032468,0
146252984,2
146360050,2
146508581,1
146583209,1
148080842,1
148238126,0
148817514,0
148930265,1
149224459,2
149446623,0
149858417,0
150126708,0
150283916,1
150557453,0
150695962,0
150913884,2
151033649,0
151886579,0
151971204,0
152078977,0
152244592,2
152760809,1
152787550,0
152913736,1
153084261,1
153198385,0
153532068,0
153644459,0
154018044,0
154064017,2
154154853,0
155036157,1
155178397,0
155877358,2
157577188,1
157763692,0
157780080,1
158375563,0
158510822,0
158546520,0
158804208,1
159201300,0
159513103,0
159968058,0
160152896,0
160736547,0
160977622,1
161087924,0
161134378,0
161848693,0
162236052,0
162398926,2
163475059,0
163740498,2
164009409,0
164215401,0
164472743,0
164590265,0
164820487,1
165050358,0
165075002,0
166047898,1
166064753,1
166169726,0
166606598,0
166881970,0
167149881,1
167334737,0
167559007,0
167891493,1
168720202,0
168837004,0
169067610,0
169464584,0
170126287,0
170263840,1
170319384,2
170330638,0
170375817,0
170580221,0
170650735,2
170966295,2
171061198,1
171182736,0
171279474,0
171583170,0
172004752,2
172346094,0
172421177,0
172789150,1
173055462,0
173158457,0
173385895,0
174075631,0
174087498,0
174208291,1
174352997,0
174747248,2
174887752,1
174950591,0
175183954,2
175357705,0
175468745,0
175577941,0
175779519,2
176126993,0
176291731,0
176307771,1
176364769,2
176428557,2
176658917,1
176733280,0
176862707,0
176918547,0
177115145,0
177245060,0
177843749,1
177914031,0
177918130,1
178008736,2
178382794,0
179086886,0
179479790,1
180093621,0
180443364,0
180994945,0
180996202,0
181612223,0
181727465,1
181907116,2
182531911,0
182569930,1
182660252,2
183076485,0
183145216,0
183287551,1
183437798,1
183721777,0
183864798,0
183975169,0
184532119,0
184819877,0
184981570,1
185166262,0
185663480,1
185886994,1
185912728,1
185988603,0
186152740,1
186191472,0
186357702,0
186468247,1
186871919,1
187395371,1
187622747,2
188086261,0
188123989,0
189956011,1
190163839,0
190421644,0
190496874,0
190681259,0
190771333,0
190941721,1
191168399,1
191708286,0
191850468,2
192237833,0
192512130,0
192644718,1
192877710,0
192950083,0
193006600,0
193689856,0
193748412,0
193914873,1
194006894,1
194298760,0
194959822,0
195199235,0
195377568,0
195518028,0
195659263,1
195809356,2
195882103,0
196315476,2
196905193,1
197293585,0
197387936,1
197459683,0
197500670,2
198006074,0
198328960,0
198387388,1
199606507,2
199815029,1
200275445,0
200304507,0
200548281,0
200682334,1
201451551,1
201746390,1
201785999,0
202000767,0
202127233,0
202338624,1
202541590,2
202652431,0
203350412,1
203630753,0
203798325,0
204231181,0
204485491,0
204850019,0
205863843,0
206408965,1
206411183,0
207408647,1
207408859,1
207670109,2
207779184,0
207790838,0
208050821,0
208244538,0
208597728,2
208916665,0
209045684,0
209227171,1
209942261,2
210819878,0
210857248,0
211307792,0
211365613,0
211678286,1
211861951,0
212017934,1
212444452,0
213191343,0
213300122,0
213387975,0
213830167,0
214607889,0
214933736,2
215309947,0
215541183,1
216009592,1
216232886,0
216537775,1
216623995,2
217243755,0
217370690,2
217437714,0
217629967,0
217720437,2
217876108,0
218114135,0
218498544,0
218546369,0
219077101,0
219086183,0
219320086,1
219349059,0
219902103,0
219954923,0
219957367,0
220623954,1
220676037,1
220779749,1
220935477,0
221289438,1
221327427,0
221389128,1
222101174,1
222112514,0
222638167,2
223037556,1
223156610,0
223644891,0
223736346,0
223821982,1
223966306,0
223991249,0
224358368,0
224505887,0
224646464,1
225138275,0
225161670,1
225674110,1
225746342,0
226123031,0
226162230,0
226342304,0
226347263,0
226709646,0
226891310,1
226989230,1
227207950,2
227314227,0
227624980,0
227808091,0
228406859,2
229046506,0
229171388,1
229501294,0
229762033,0
230114988,0
230322105,1
230344497,1
231305510,1
231737288,0
232116357,0
232129262,0
232443253,0
233463350,1
233929043,0
234041028,1
234202540,0
234259343,1
234436385,1
235224691,2
235592557,0
235768311,0
236924973,0
236932784,2
236999755,0
237062332,2
237630631,1
238693158,0
238741757,0
239252991,1
239337496,0
239538079,2
240643922,1
241714978,0
241961885,2
242387122,0
242582692,0
242601726,2
242768345,0
242823142,0
243520521,0
243562374,1
243725256,0
243918394,1
243937394,0
244175077,0
244276146,0
244541878,1
245638986,1
246431310,1
246665910,2
246963168,2
247229824,0
247281766,0
247412364,2
247705133,0
248348306,0
248636187,0
248679034,0
248944867,0
249295386,1
249369147,0
250392317,0
251352884,0
251464219,0
251821213,0
252221364,1
252657624,2
253316360,0
253505258,0
254436190,1
254754802,1
254778175,2
255127189,1
255595790,0
256316962,0
256541576,2
256786262,0
256799796,0
256887966,0
256916667,0
258853808,2
258941719,0
259450575,0
259516874,1
259567221,0
259943315,0
260020663,0
260062574,0
260190583,0
260284549,0
260493569,0
260690489,0
260852365,0
261093687,1
261755218,1
262464164,1
262643902,2
262939842,0
263209946,1
263717912,0
263772847,0
265642076,0
265646099,1
266069932,0
266152149,0
266478807,1
267576004,0
267813410,0
267963472,0
268748987,0
268964357,0
268967921,0
270687637,1
271030333,0
271659975,2
271878010,1
271947136,2
272739142,0
272954662,1
273039403,1
273131112,1
273850396,2
273855771,0
273969945,1
274377433,2
276037878,0
276326264,0
276797615,1
276958988,1
277225639,1
277418344,0
277485211,1
279662725,0
280208352,2
280490613,1
280579212,2
281227525,0
281238280,0
281802227,0
281944450,2
282969529,0
283672606,0
283896438,1
285095379,2
285673721,0
285713420,1
286196350,1
286740704,0
286873330,0
286953297,0
287077035,0
287798422,0
288383779,1
289037763,0
289327132,0
289429909,2
289776158,0
290085241,0
290262110,1
290728963,2
291074709,0
291103951,1
291533655,1
291557273,2
292056222,0
292158555,1
292383896,1
293171279,0
293192214,1
293331002,0
293341436,0
293706797,0
293879204,1
293908761,1
294086067,0
294091574,0
294194119,0
294247244,1
294621808,1
294658539,1
295671300,0
296214372,0
296532824,1
296786203,0
296885336,1
296889448,0
297357634,2
297834097,0
297919219,0
298049081,1
298408844,0
298802094,0
298968687,0
299153059,0
299342036,2
299935309,1
300188421,1
300305771,0
300570870,1
300740863,0
300815908,0
300873907,0
301192084,0
301667226,0
302065026,0
302558811,0
302896735,1
303754961,1
304067342,0
304252172,1
304594126,1
305500376,0
305600044,1
305691019,1
305726492,2
305843738,0
305989865,0
306842433,1
306914960,1
306973463,2
307126211,0
307373124,0
307588670,0
307743686,0
308557235,1
308875026,1
308931449,0
308940064,0
309174721,0
310247650,0
310798235,0
311289183,1
311927503,0
312059767,0
312065660,1
312610544,0
312883392,0
312921743,1
312930738,2
313153296,0
313390530,0
313999042,0
314127416,0
314468044,2
315638649,0
315887313,0
316748870,2
316837889,0
317232582,0
318036152,1
318172546,0
318313054,1
318865019,0
319056821,0
319220423,0
319644829,0
319888297,0
319903665,1
320121556,2
321007100,2
321041454,1
321160540,1
321264260,1
322075874,1
322142732,0
322423154,1
322437887,1
322514075,1
322586964,0
322750371,1
323035997,0
324043340,2
324064450,2
324128555,2
324182911,2
324537671,0
324563083,0
324685086,0
325241163,0
325535744,2
325640545,0
325725084,0
325936739,0
325970857,1
326573278,1
327460828,0
327634805,0
327635203,0
327855746,0
328161699,1
328236172,0
328752410,1
328915768,1
328995922,0
329013420,2
329016173,0
329140669,1
329180879,0
330017229,0
330345848,0
330796165,0
330809715,0
330848723,0
331348653,1
331797890,0
331920849,1
332116856,1
332217243,0
332472566,1
332760464,0
333120532,0
333280115,1
333502701,1
333876231,1
334368621,0
334863691,0
334989161,0
335507100,0
335882486,2
336211441,0
336393033,0
337956391,0
338023090,2
338038222,0
338098006,0
338115788,1
338452179,0
339291236,0
339424219,1
339451095,0
339638331,1
339810994,1
339862566,2
340487515,1
341220408,0
341606886,0
342083243,0
342369644,2
342508394,0
343351401,0
344019507,1
344108279,0
344176442,0
344503500,0
344611296,0
344679289,1
344689405,0
345479836,1
345753201,2
346278724,0
346598721,0
347015709,2
347542519,2
348109655,0
349296998,0
349439316,1
349505292,2
350101917,2
350184102,0
350625483,0
350956076,0
350982685,1
351044616,0
351525442,0
351715208,0
351724260,1
351797535,0
351805425,0
352343307,0
352815662,0
353271333,0
353717797,1
354113633,0
354219074,0
354730928,2
355509248,1
355958265,0
356420840,0
356792323,0
356902821,2
356972456,0
357017733,0
357357776,2
357414394,1
357458420,1
357776185,2
357979052,2
358424281,0
358900804,2
359117542,0
359208419,0
359281155,0
359503408,2
360141976,2
361159171,0
361354075,0
361585652,1
361794167,2
361867640,1
362092346,1
362474943,2
363004888,0
363005775,0
363357254,2
363742588,0
363786949,0
363865491,0
363921282,0
364345476,1
364567109,1
364897067,0
365527112,1
365623612,2
365833015,2
366312094,0
367323639,2
367480928,1
367595294,1
368203239,2
368569925,1
368772985,2
369107688,2
369214155,1
369339402,0
369602615,2
369903876,2
369980015,0
370090156,0
370775343,0
370831034,0
371863418,0
372863623,2
373219478,0
373255266,0
374146939,0
375028016,1
375485936,2
375542590,2
375631878,0
375650821,0
375715982,0
376500609,1
376763015,0
376863866,0
377418614,0
377568514,0
378720092,1
378728993,1
378790444,0
378904781,0
379226038,1
380669981,1
380670513,1
380735545,1
381075253,1
381100340,1
381263449,0
381486837,1
381568404,1
382050655,0
382506155,0
382634080,0
382699679,0
382847240,0
383026976,1
383273431,1
383378788,0
383559315,1
384307500,0
384476381,0
384599074,0
384979678,1
385201349,1
385275625,0
386029122,1
386198361,1
386259949,0
386313202,0
386853298,1
387285561,1
387306833,0
389554590,1
389912834,0
389948441,1
389973256,0
390523332,1
391096771,1
391858512,0
391886358,0
391991355,2
392544867,0
392646312,0
392811415,0
392912458,0
393030719,0
393408253,0
393514141,0
393604349,0
393826790,1
394271899,0
394655130,1
394695421,0
395239899,1
395952464,2
396570434,1
397542601,1
397606190,1
397724105,0
397749042,1
398429959,0
398519620,0
398846156,0
399401624,0
399710833,1
400478205,0
400731067,0
401114875,0
401418551,2
401541685,1
402041190,2
402379183,1
402513752,1
402653104,0
402770714,0
403110956,1
404358566,0
404518978,0
404764246,0
405064063,1
405342973,2
405373982,0
405740877,0
406423798,0
406675172,1
406815667,1
406928447,2
407059570,0
407077072,0
407148022,0
407271106,0
407473940,0
407766034,0
407816113,0
407961550,0
408918815,0
409100548,1
409309279,0
409506160,2
409536186,0
409823267,1
410187452,0
410244412,0
410342970,1
410693089,1
410968819,0
411075284,1
412310288,0
412790118,1
413358386,2
413444484,1
414201381,0
414314756,0
414470797,1
414875698,0
415466433,0
415554396,0
415725082,0
415829856,1
415932716,0
416133780,0
416329429,0
416534166,1
416604001,1
416858688,2
417340195,1
417611156,1
417903001,0
418117935,1
418212762,1
418872346,0
419616791,0
419741179,0
419979492,0
420005682,0
420014958,0
420658292,0
420729211,1
420733219,0
420826754,0
421266816,0
421491516,0
421860860,1
422143938,0
422505651,1
422964414,1
423722949,0
423832389,0
424174404,0
424433589,0
424874770,0
424888521,1
425398935,0
425686523,0
426043707,1
426319440,0
427235163,1
427270431,1
427661677,1
427862396,2
429112384,0
429305518,0
429740405,2
429928862,2
430334330,0
430357094,1
431179797,1
431354730,0
431515242,0
431783962,0
432141204,1
432420670,0
433221693,0
433224430,0
433358735,2
433379265,0
433624731,1
434419975,1
434591131,2
434734314,1
435525363,0
436220509,0
436307539,0
437297380,0
437678721,1
437991288,0
438026580,0
438062045,0
438161828,0
438424560,1
438519485,0
438587269,0
439005965,1
439051991,1
439429441,2
439457048,1
439873443,0
440181890,1
440218091,1
440440604,0
440481300,0
440912447,0
441194162,2
441877263,1
442108153,1
442611980,0
442877700,1
442955365,0
442993584,0
443441157,0
443727833,2
443758620,0
443875110,0
443909499,2
444234011,0
444968417,1
445265243,0
445359112,0
445559067,0
445632160,0
446147969,1
446231620,2
446654632,2
446669659,0
447365588,0
447851531,1
448217604,0
448468623,0
449455703,0
450011909,0
450036612,1
450243327,2
450633917,0
450728175,2
450928519,0
451271146,0
451472439,1
451609171,1
451680710,0
452498193,2
452867788,1
453796501,0
455309713,0
455971495,1
456011826,1
456154509,2
456813819,0
457246393,1
457471346,0
457559094,0
457645331,0
458075965,1
458425670,0
458747673,1
459535140,0
459713970,1
459849930,0
459950972,1
460006243,1
460060943,1
460955446,1
461519948,0
461758444,0
462189372,1
462219651,0
462230202,0
462338896,0
462366631,0
462564535,0
462870345,1
463183720,0
463389179,0
464524839,0
464630478,0
465669136,0
465681531,1
465683810,0
466001306,0
466091051,0
466148151,1
466519373,1
466908111,0
466913183,0
467410913,1
467967372,2
468010050,2
468266594,0
468398018,2
468434843,2
468747520,0
468918347,0
469742435,2
470016323,0
470158385,0
470159742,1
470653471,2
470992335,0
471020760,0
472036656,1
472926452,0
473034702,0
473070612,0
473670684,0
473924673,0
474600115,0
474702385,0
474845607,1
474999872,2
475103387,0
475331934,0
476285254,0
476638946,0
476884072,1
477281137,0
477302459,0
477306777,0
477564179,2
477972214,0
478010091,1
478141675,1
478609230,2
478691906,0
479045963,2
479761218,1
480293750,0
480310875,0
480566971,0
480838224,1
481180782,0
481797070,0
481940282,1
482501486,1
482717113,0
482767946,0
482850571,2
482883052,1
483165642,1
483424520,2
483452825,1
483502248,0
483988696,1
484397296,0
484430693,0
485063789,0
485803340,0
485905289,1
486064604,0
486205829,0
486905101,0
486961393,1
487087002,0
487190786,0
487989538,0
488074592,0
488150788,0
488260205,0
488297900,1
488689569,0
488726730,1
488759986,2
489223495,1
489507770,0
490633082,1
490874829,1
490977748,0
491163472,1
491685224,0
491761709,1
492414599,1
492921838,1
493191867,0
493312104,0
493538607,0
493629753,0
493761179,0
494098241,0
494362263,0
494656418,0
495023773,0
495146022,1
495587989,0
495623105,0
496049348,0
497252491,1
497266848,0
497869174,0
498121822,1
498562721,1
498616906,0
499799900,0
499842318,2
499910800,0
499958888,0
500192081,2
500596469,1
500709101,1
500722153,2
501021611,2
501206336,1
501489168,1
501604701,1
502465282,0
502613053,1
502714567,1
502943981,1
503472459,1
503499029,1
503983452,0
504190876,0
504430076,0
504493367,0
504583978,2
504658315,1
504709599,1
505246174,0
505278054,1
505505150,1
505786219,2
505927029,0
506277227,0
506324000,0
506481311,0
506547372,0
507102330,1
507161687,0
507938958,2
508114602,1
508527005,2
508575542,0
509741473,2
509974831,0
510068476,2
510267812,0
510401181,1
511676152,1
512455690,0
512750609,1
513347655,2
515200169,2
515321851,1
515328479,2
515418459,2
515432140,0
515783923,1
515903778,0
515905133,1
516152183,0
516155736,2
516215759,0
516410659,0
517325048,1
517435231,0
518181734,0
519086945,0
519196568,1
519886338,0
520295923,1
520305908,0
520308078,2
520551791,0
520837675,0
521464280,1
521856100,2
522241951,0
523175824,1
523866952,0
523874250,0
524081906,0
524185768,1
524305670,0
524581632,1
525224566,1
525716059,0
526014242,2
526340436,0
526399102,0
526534064,0
526799269,0
527587852,0
527771277,0
527856804,0
527965957,2
528361128,0
528779826,1
529125580,0
530176339,0
531247304,2
531820146,1
531914760,1
532353437,1
532469012,0
532700930,0
532827861,0
533275817,0
533308102,1
533528585,0
533851978,0
533920737,0
533922795,0
534355178,1
534526001,0
534530773,0
534765797,0
534971754,1
535112003,0
535672857,1
535735455,1
535776483,0
535924451,1
536022553,0
536071747,0
536151141,0
537015762,0
537041650,0
537045638,0
537376303,0
537719240,2
537807458,0
538676005,0
538917118,0
539436872,0
539712431,0
539771461,1
540019240,0
542271937,0
542279740,1
542350694,0
542865706,0
543406593,2
543910126,2
544039725,0
544371212,2
544620192,1
544925700,0
545755686,0
545982675,1
546007882,0
546477666,1
546866045,0
546919616,1
547409574,0
548525435,0
549009062,1
549252903,0
549555598,1
549645625,0
549732824,0
549921584,2
549931039,0
550127347,2
550320123,2
550992892,1
551003517,0
551102155,0
551186740,0
551424216,2
551587275,0
551648284,1
551665296,1
551911732,0
552305009,0
552412708,0
552460470,1
553289479,0
553608701,0
553640628,0
553744342,0
554259907,0
554631049,0
554960684,1
555614099,0
556532481,0
557803398,0
558356118,0
558634089,1
559120965,1
559126899,0
559283470,0
559543993,0
559547929,1
559813113,0
559835477,0
560270545,1
560554046,0
561022368,1
561142755,2
561183840,0
561406910,1
561409210,0
561562724,1
561833334,0
561866287,0
561920635,0
561998020,0
562016149,0
562033221,0
562097749,2
562102165,1
562502565,1
562671302,0
562860687,0
563426129,1
563529467,1
563790740,0
564777783,0
564837858,0
564943800,0
565203573,0
565207116,2
565227448,2
565475045,2
565742309,0
565829193,1
565844757,2
565971648,0
566175074,2
566246309,0
566762241,1
566955061,0
567672031,1
568000552,0
569224141,0
569319186,0
569874075,0
570211369,0
570261548,0
570269263,1
570326528,0
570814130,0
570950946,0
571005864,2
571403421,1
571582338,2
571731326,0
571873847,0
571943882,0
572744322,0
572843260,2
573490314,1
573558686,0
573938845,0
574217548,2
574564761,2
574676417,0
575313685,0
575843863,1
575862879,0
576019276,0
576146777,0
576412668,0
576722644,0
577357234,0
578359247,0
578561554,0
579061281,1
579732629,0
579769985,1
580504144,0
581211478,0
581239720,1
581290454,1
581349705,1
581478879,0
581509048,0
581592199,2
581744993,2
582145114,1
582399749,1
583086603,0
583679284,0
583876607,1
583883770,0
584113669,0
584295920,0
584448182,1
584835776,0
585086603,1
585823991,0
585975431,0
586359602,2
586754974,2
587141695,0
587180900,0
587454170,2
587515368,1
588028777,0
588058421,0
588308678,0
588583370,0
588666590,0
589211155,0
589989281,2
589998972,0
590052251,1
590587770,0
591125184,0
591293940,0
591324965,1
591467472,0
591611802,2
591734354,1
591753489,0
591920590,2
591931488,0
592116580,0
592265059,0
592313812,1
592610568,0
593046516,0
593076681,1
593259908,1
594431106,0
594494207,2
594730827,2
594752320,0
595018564,1
595052274,0
595215816,0
595549842,2
595731713,0
595744386,1
596468827,0
596493902,0
596791451,0
596822740,2
596882216,0
597051261,1
597182879,2
597293624,1
597756869,1
597938301,1
598219585,0
598264908,0
598940345,0
599144989,2
600074707,1
600217258,0
600289231,0
600685312,0
600896193,0
600916297,0
600922070,1
600936783,0
601713767,0
601764965,1
601912367,1
601982561,0
602096472,1
602263489,0
603102396,0
603142327,0
603304003,1
603440115,0
603913385,2
604572149,2
605243350,0
605284167,1
605342483,0
605469941,2
606166563,2
606655723,0
607485117,2
607504828,0
608071269,0
608296151,0
609185665,1
609282354,0
609417360,0
609465067,0
609760177,0
610072425,0
610660790,1
610814400,0
611360071,0
611496449,0
611812952,2
611922983,0
612631835,1
612867083,1
612972234,0
613527082,0
613563432,0
613810674,0
614203256,1
614595747,0
615107845,0
615178425,0
615962750,0
616074062,0
616163131,0
616438100,0
616561153,0
617004185,2
617081776,2
617331799,2
617653364,2
617723835,1
618788893,1
619473612,0
619790354,0
620692582,1
622199140,0
622616832,1
622799016,0
623346081,1
623541088,2
623562033,1
623918504,0
623923871,0
625180267,0
625439635,2
626098673,0
626155897,1
626234630,0
626382505,0
626768619,0
626821132,0
626906668,1
627407869,1
628017621,1
628248035,0
628328067,2
628907516,0
629083129,0
629213624,1
629814430,1
630140457,0
630607759,2
630617938,0
630633604,1
630705210,0
631549393,0
631701762,0
632027408,2
632776042,1
632867182,0
633195825,1
633400739,0
633566657,2
633814397,1
634140409,0
634483664,0
634557295,2
634607575,2
634680906,1
635631007,0
635854829,0
636677410,0
636840753,2
636906108,1
637351866,1
637549939,1
637725189,0
637855877,1
638075165,0
638175324,0
638268019,1
638619772,1
638994656,0
639127369,1
639241170,0
640134453,0
640585448,0
640979697,1
641028365,2
641176577,0
641355321,0
641769953,2
642135444,1
642700366,0
642997570,0
643449695,1
643476472,2
643906043,0
644318866,1
644673905,1
645259107,1
645577615,0
645588017,0
645677328,0
645870398,1
646009267,0
646100714,0
646572048,0
646934928,0
647212794,0
647528893,1
647728459,0
648125749,0
648405393,0
649008022,1
650035219,1
650478681,1
650735243,0
651475523,0
652044585,0
652707161,0
652721488,2
652817412,2
653009304,0
653111343,0
653521122,0
653566005,0
653978476,0
654489519,0
654754778,1
655197646,0
655825650,0
656061642,0
656066251,1
656155142,1
657010626,1
657028606,2
657291491,0
657339705,1
657878448,0
658091039,0
658491606,0
658663842,0
658716468,0
658779360,0
658913740,0
658930402,2
659048838,0
659125036,0
659509557,1
659772942,1
659941272,1
659983803,0
660636531,0
660649829,0
660871184,0
661096890,1
661748717,0
661793783,1
661815030,0
662974711,1
663084800,0
663595098,0
663846976,1
663865675,2
663906753,0
664033144,1
664187687,1
664629961,1
666200031,0
666817094,0
667015780,1
667405224,1
667497798,2
668626974,0
668779751,0
669171905,0
669180118,0
669565184,1
669856841,0
670250578,0
670827717,0
670993363,1
671259888,1
671514451,0
671794017,0
671819342,0
671985872,1
672482655,0
672606159,0
673496202,0
674698673,0
674746701,0
675493392,2
675835746,2
676549954,0
676731304,0
676958750,0
677204225,0
677309842,0
677452308,0
677604806,0
677699261,1
677725919,0
678738314,2
678816220,0
679239994,0
679745705,0
679819391,1
680104976,0
680127018,0
681057747,0
681408133,2
681553726,0
681612700,0
682059030,1
682602555,1
682859303,2
683448412,1
683832725,1
684043978,0
684178253,2
684391360,0
684553438,1
684605048,1
684803992,0
684821320,0
684824771,2
685027023,0
685102856,0
685227060,1
685242543,0
685320334,0
685323348,2
685459903,0
685896373,0
686020362,1
686313844,2
686695158,2
687258521,0
688273125,0
688569327,0
688595590,0
689282182,0
689816607,0
689927823,0
690088282,1
690445486,0
690671306,0
690957506,2
691005391,1
691131436,2
691724470,1
692129956,1
692753536,0
692944987,1
693080261,1
693359938,2
694248974,0
694301317,0
695025243,1
696044877,0
696051898,1
696198973,1
697741011,1
697798260,1
698373922,0
698679647,0
699445451,0
699939033,0
699968731,2
700136861,0
700392255,1
700517518,0
700904434,0
700906011,1
701410230,0
701481860,1
702215807,0
702469131,0
702657387,0
702670440,1
702797724,0
703176761,0
703591642,0
703995269,1
704175112,1
704909895,2
705069562,0
705312036,0
705524661,1
705685670,0
706134072,0
706958658,0
707011133,1
707472576,0
707494458,0
707593227,1
707776971,2
708604105,0
708644114,0
709376011,0
709547196,1
710101735,0
710220665,0
710836135,1
712069502,0
712758204,2
712773918,1
713615930,2
713853496,1
713890224,1
713982254,1
714045844,0
714220659,0
715263485,0
715809444,2
716122300,0
716135674,0
716376776,1
716592150,1
716752464,0
717526207,0
717605158,1
718145564,1
718176113,0
718346094,2
718526271,1
718680506,2
718995267,0
719518652,2
721531816,0
722005581,1
722240212,1
722943719,0
723401618,1
723422851,0
723612947,0
723822604,0
723829426,1
723973653,1
724158511,2
725020376,2
725211347,1
725313100,1
725487041,0
725499248,1
725773459,0
725793634,0
725802213,0
726001205,0
726495780,0
726654588,0
727149028,2
727257783,0
727576914,0
727864889,0
727921865,1
727936370,1
728095734,2
728502942,1
728767268,2
729027027,1
729175133,1
729256160,1
729645017,0
729698854,1
729777520,0
729873656,0
729973452,0
730221476,0
731104536,0
731252617,1
731369223,1
731878525,1
731902531,0
732378658,1
732815467,0
733771072,0
734038124,0
734049804,0
734139062,0
734186354,2
735660226,0
736002283,1
736026756,0
736060245,1
736237862,2
736371657,0
736507335,0
736815311,1
737488654,1
738045127,2
738706214,1
739632090,0
739783186,1
739966211,1
740359114,1
740710043,1
740762017,0
741847068,0
741992937,1
742242875,0
742364175,2
742446653,0
742734394,0
742737593,2
743578813,1
743603651,0
743878664,0
744021818,2
744357244,2
744400171,1
744591446,1
745421753,0
745747127,1
746057878,0
746176946,0
746357668,0
747085145,0
747981214,0
748300953,1
748541020,0
748930069,0
748956094,0
749277873,1
750177045,1
750992323,1
751102642,0
751228013,1
751250812,2
751689669,0
751712462,2
751932720,2
752798123,0
753033145,0
753698928,1
754793696,1
755227565,0
755372151,0
756778004,0
757297162,0
757506915,1
757679315,2
758175094,0
758572924,2
758663578,2
759035489,1
759045986,1
759176818,2
759506688,0
759590599,0
759644163,0
760189765,1
761483789,2
761961894,0
762045819,0
762209715,0
762405687,0
762433727,2
762894966,1
763138835,0
763295654,1
763453529,1
763461999,0
763924635,1
764591536,1
765244964,0
765402774,0
765788560,0
765801078,1
766138262,0
766231409,0
766267144,0
766283850,0
766518950,0
767009792,0
767152456,1
767230167,2
768384600,0
768517345,0
768677010,0
768735062,1
768772821,1
769855745,0
770051284,0
770180986,1
770580724,2
770668645,0
771099875,0
771188782,0
771274002,2
772109316,2
772376113,0
772399439,1
773104837,0
773200353,0
773436471,1
773582526,0
775263717,0
776310132,0
776764136,0
777000322,2
777205742,0
777542199,1
777720214,0
777907993,0
778233406,0
778521719,1
778852202,1
779291529,0
779347037,0
779565376,0
779590602,0
779700633,1
779749812,0
780111303,1
780268814,0
780595001,0
780843729,1
780866664,2
781138704,0
781428947,0
781619564,0
782146037,0
782176768,0
782518135,1
782800810,1
782843671,0
783309889,0
783344998,0
783509126,1
783558175,0
784107905,0
784868334,1
784872833,0
785446391,0
785683152,2
786329004,0
786761808,0
786948754,0
787872509,0
788062069,1
788493367,2
789569340,0
789605068,0
789754815,0
790107368,0
790113855,1
790179487,0
790774553,2
791144272,2
791601182,2
791712141,0
791890914,2
791930590,0
791956171,1
792322226,0
792477337,1
792907992,0
792933887,0
793320840,0
793564537,0
793587207,0
794225403,1
794468774,1
794473667,0
795547377,0
795869305,1
796125760,0
796265542,0
796374129,2
796656282,0
796698519,0
796969763,1
797089660,0
797676072,0
798087239,0
798176592,0
798709576,0
799141870,2
799171474,2
799561080,0
799565065,1
799669964,0
799873655,1
800062179,1
800542127,0
800669285,1
801519035,0
801716387,1
801871632,2
802074327,1
802714871,0
802845351,0
803686734,2
803727148,0
803889926,2
804310277,1
804938647,1
805260707,1
806474760,0
806771239,0
806859226,1
807389116,0
807608154,0
807630797,1
807774290,0
808155155,1
808289048,0
808461910,1
808814395,2
808828993,0
808830940,2
809014614,0
809706824,0
809989322,0
810130276,2
810252345,1
810408520,1
811217490,0
812684740,0
813488046,0
813847478,0
814456308,0
814735510,0
815332887,0
815345131,2
815358760,0
815961724,0
816792664,0
817365964,1
817528459,0
818078957,1
818874690,0
818889007,0
819009731,0
819022930,1
819324636,1
819812597,1
820081187,2
820132273,0
820182648,1
820590750,1
821370285,0
822229600,1
822238727,1
823275531,1
823341772,0
823541192,1
823920915,1
823998087,0
824296128,0
824683725,0
824795839,0
824865575,1
825059952,1
825157733,0
825691364,2
825994980,1
825999326,1
826440135,0
826681659,0
826706331,1
827982525,0
828256313,2
828344964,0
828954093,0
829057974,2
830542585,0
830986355,0
831311648,1
832292416,2
832344707,0
832545410,0
832620769,1
832762890,0
833057820,2
833397751,1
833804796,0
833936975,2
834018569,1
834118390,0
834160381,0
834212643,0
834748153,0
834874361,2
834943185,0
834964303,0
835218658,0
835469935,0
835784977,0
836883265,1
837012125,0
837276262,2
837383441,1
837499853,0
837506389,1
837926541,0
837996215,0
838083269,2
838258125,0
838643939,1
839011516,0
839021764,0
839129185,0
839243664,0
839426180,1
841258812,0
841267755,0
841342615,2
841359343,1
841511498,1
841531398,0
841853554,0
841936054,0
842210464,0
842506186,0
843588009,0
843822414,1
845952751,1
846243327,2
846679329,0
847247102,0
847457894,1
847466907,0
847848157,0
848012183,1
848033496,1
848064306,0
848667364,1
848832471,0
849330296,0
849438298,0
850380292,0
850772294,0
850857619,0
851102659,1
851966863,1
852064761,1
852532000,1
852542960,0
853256248,0
853457582,0
853505605,1
853816098,0
854060684,1
854329213,2
854338721,2
854424188,0
854722892,0
854851824,2
854925788,0
854982106,0
855112534,1
855222827,0
855444511,2
855894438,0
856566494,0
856599008,2
857031045,0
857179591,0
857592138,0
857773602,0
858364068,0
859136786,1
859515001,2
859703931,1
859936481,0
860093071,0
860452852,1
860654423,0
860792898,1
861243169,0
862767915,0
862791076,2
863168039,0
863187586,0
863552123,1
863658906,2
863769298,0
863989315,1
864403098,1
864684083,1
865215533,2
866130282,0
866363585,0
866452958,0
866463278,0
866687101,1
866805055,0
866840057,1
866921882,1
867386398,1
867743832,0
868075989,0
868371259,0
868736082,0
868956896,1
869050892,0
871233385,1
871355461,0
871383783,1
871956636,0
872735104,0
872769325,0
873151679,0
873426196,2
873725686,1
873819915,0
874331013,2
875138060,0
875268300,2
875269308,1
875393898,1
875670681,1
875739500,2
876062669,1
876236560,0
877111091,0
877386277,0
877434184,0
877704928,1
878245030,1
878503756,0
878832784,0
879446337,2
880200405,0
880630710,0
880838832,0
881037639,0
881251741,1
881871790,2
882095984,0
882425458,1
883373237,1
883424336,1
883598382,1
883668116,0
884173932,1
884196036,0
884854363,0
885067908,1
885283167,0
885313993,0
885341578,0
885506253,0
885672007,0
886602276,0
887414783,0
887639224,0
887827941,1
887859726,0
888027823,1
889219977,0
889561116,0
890391866,0
890440062,1
890571832,2
891017255,0
891253756,1
891680400,0
891839202,0
892024409,1
892143280,0
892860715,1
893548094,0
894272393,0
895203910,0
895444099,0
895516686,0
895984687,0
896844950,1
898881946,0
899596792,1
899888973,1
900232104,1
900305196,0
900515550,2
900650761,0
900784587,0
901103565,1
901607767,1
901760604,1
901771066,1
902760228,0
902978272,1
903219396,1
904030888,0
904138951,0
904159043,1
905184580,0
905228899,0
905275895,1
906271311,1
906859541,0
907467354,0
907841430,1
909032940,0
909640296,1
910074610,0
910084742,0
910135447,0
910621421,2
910797761,2
911147009,0
911275569,0
911294876,0
911316995,2
911872684,1
912025868,0
912493250,0
912561751,0
912574414,1
912883430,2
913315931,0
913590849,1
913723363,0
913752786,0
913758235,0
913996840,2
914500553,0
914504380,0
914813075,0
915255634,1
915328810,1
915900336,0
918227097,0
918443531,0
918540245,0
918641322,0
918647778,2
918719260,0
919390983,0
919743520,0
919891333,0
920512237,1
921124447,1
922290165,1
922443271,2
923892580,0
923963586,0
924028569,1
924204639,1
924448914,0
924518249,0
924531167,2
924656735,0
924906589,0
925548521,0
925552057,0
926335341,0
927543086,0
929513313,0
929607987,1
929630251,0
930162377,0
930506572,0
930605707,2
930781525,0
930885856,1
931430382,2
932783278,1
933926786,0
934275900,0
935274013,0
935354971,0
935491224,0
935907528,1
936071715,0
936229904,0
936314698,0
936440118,2
936698309,1
937033434,1
937100816,0
937101847,1
937665476,1
937680362,0
937837935,0
937914518,0
938119905,0
938138827,0
938295583,0
938424322,2
938584876,1
938627669,0
938694332,1
938960739,0
939071164,0
939326543,0
939340593,0
939564283,2
939641261,0
939679324,1
939812820,0
940093122,1
940220964,1
940684436,2
940786952,1
941609862,0
942582815,0
942694640,1
942879583,0
942916911,2
944089448,0
944146924,2
944385681,0
944490752,0
944651714,0
944922563,0
945027468,0
945057233,1
945220911,1
945307020,0
945700532,0
946718333,1
947046285,0
947311325,0
947581159,2
947979898,0
948000957,0
948174319,0
948322163,1
948372848,1
949316094,2
949488929,1
949543465,1
949879159,1
949885700,2
950526535,1
950737466,0
950796714,2
951192728,2
952032463,1
952324254,0
952767246,0
952915915,0
953370712,1
953595254,1
953624785,1
953804198,1
953830201,2
953975168,0
954210353,0
954718963,0
955863648,0
956045588,1
956177388,0
956252232,1
956559121,2
956573805,0
958164901,0
958535342,0
958944185,1
959361046,1
959555941,0
959674512,1
959686379,0
959769762,0
959912159,0
959972574,1
960762804,0
961419093,2
961755294,1
962283049,0
963503256,0
964006510,0
964565450,0
964566276,0
964777718,0
964858463,1
964860516,2
965376342,0
965741389,2
966006192,0
966580096,0
967075868,0
967257852,0
968596721,2
968751652,0
968988886,0
969282574,0
969959091,0
970439434,1
970607784,0
970759264,0
970844959,1
971431433,0
971604412,1
971855833,0
971945331,1
972146894,1
972488200,0
973128767,1
973526075,0
973638529,0
974260527,0
974458152,0
974635736,1
974995833,1
975918896,0
976008630,1
976181060,0
976339293,0
976651836,0
977697392,0
978353156,0
978898857,2
979024577,0
979351066,1
979753906,1
980174580,1
980515795,1
981404182,1
981541869,0
981741394,0
981835698,0
983202929,0
983403395,0
984210501,1
984355599,0
985715421,0
987468640,0
987471197,2
987553223,0
988016499,0
988819039,2
989105566,2
989684821,2
990034193,0
990204631,1
990285304,0
990822869,0
990861012,0
990948072,0
991738430,0
992559798,2
992592083,0
992743389,0
993289419,2
993335028,0
993999706,0
994191439,1
994258817,0
994324313,1
994369655,2
995023416,0
995513092,1
996787549,0
997693262,0
998096046,1
998552216,1
999000705,0
999238956,0
999767456,0
